{"cameraMode":{"drawMode":0,"name":"Shaded","section":"Shading Mode"},"sceneLighting":true,"audioPlay":false,"sceneViewState":{"m_AlwaysRefresh":false,"showFog":true,"showSkybox":true,"showFlares":true,"showImageEffects":true,"showParticleSystems":true,"showVisualEffectGraphs":true,"m_FxEnabled":true},"in2DMode":false,"pivot":{"x":-13.211126327514649,"y":13.528423309326172,"z":7.335805892944336},"rotation":{"x":0.18521460890769959,"y":0.4465189278125763,"z":0.09502682834863663,"w":-0.8702881336212158},"size":12.12435531616211,"orthographic":false}