{"cameraMode":{"drawMode":0,"name":"Shaded","section":"Shading Mode"},"sceneLighting":true,"audioPlay":false,"sceneViewState":{"m_AlwaysRefresh":false,"showFog":true,"showSkybox":true,"showFlares":true,"showImageEffects":true,"showParticleSystems":true,"showVisualEffectGraphs":true,"m_FxEnabled":true},"in2DMode":false,"pivot":{"x":-61.835079193115237,"y":37.551998138427737,"z":23.53165054321289},"rotation":{"x":-0.24197934567928315,"y":-0.36840003728866579,"z":0.10008671134710312,"w":-0.8922415375709534},"size":1.2247449159622193,"orthographic":false}