{"cameraMode":{"drawMode":0,"name":"Shaded","section":"Shading Mode"},"sceneLighting":true,"audioPlay":false,"sceneViewState":{"m_AlwaysRefresh":false,"showFog":true,"showSkybox":true,"showFlares":true,"showImageEffects":true,"showParticleSystems":true,"showVisualEffectGraphs":true,"m_FxEnabled":true},"in2DMode":false,"pivot":{"x":-1.4874075651168824,"y":4.548637390136719,"z":5.987875938415527},"rotation":{"x":-0.02115526795387268,"y":-0.12057846784591675,"z":0.002534364815801382,"w":-0.9924637675285339},"size":1.0057181119918824,"orthographic":false}