{"cameraMode":{"drawMode":0,"name":"Shaded","section":"Shading Mode"},"sceneLighting":true,"audioPlay":false,"sceneViewState":{"m_AlwaysRefresh":false,"showFog":true,"showSkybox":true,"showFlares":true,"showImageEffects":true,"showParticleSystems":true,"showVisualEffectGraphs":true,"m_FxEnabled":true},"in2DMode":false,"pivot":{"x":-1.6958332061767579,"y":4.469065189361572,"z":10.453315734863282},"rotation":{"x":0.07051118463277817,"y":0.8406140804290772,"z":-0.11289317905902863,"w":0.5250300168991089},"size":12.12435531616211,"orthographic":false}